ad_id,reporting_start,reporting_end,campaign_id,fb_campaign_id,age,gender,interest,impressions,clicks,spent,total_conversion,approved_conversion
764891,2024-04-19,2024-04-20,972,103209,55-64,Female,Fashion,42865,2912,100.72,333,85
885132,2024-03-07,2024-03-09,916,103142,55-64,Female,Business,23313,1435,551.84,87,93
705271,2024-04-02,2024-04-06,934,103218,35-44,Female,Travel,56463,8223,398.46,534,469
739573,2024-04-08,2024-04-11,960,104250,35-44,Male,Fashion,62573,225,1406.0,596,98
834868,2024-04-12,2024-04-14,952,104139,35-44,Male,Travel,32606,2803,885.51,457,534
786349,2024-01-18,2024-01-19,934,103458,18-24,Female,Health,80620,7406,141.07,302,76
828151,2024-03-24,2024-03-27,952,103035,45-54,Female,Education,43066,1773,637.96,302,60
838136,2024-04-16,2024-04-20,934,104223,45-54,Female,Fashion,17256,4336,585.8,49,493
724720,2024-02-27,2024-03-01,934,103056,55-64,Male,Education,8371,2669,252.27,200,88
898778,2024-03-27,2024-03-28,945,103229,18-24,Female,Education,86690,6693,1110.28,62,368
883410,2024-04-07,2024-04-08,960,104472,18-24,Female,Travel,26336,4374,313.28,415,449
712286,2024-04-06,2024-04-09,934,103603,25-34,Male,Fashion,84053,6922,1277.98,556,97
790989,2024-04-23,2024-04-24,945,103772,25-34,Female,Technology,74241,1322,1409.38,246,76
733698,2024-02-17,2024-02-19,934,104131,45-54,Male,Fashion,87164,6429,167.64,481,74
738096,2024-03-14,2024-03-18,945,103836,18-24,Female,Technology,85952,628,1004.36,283,465
755863,2024-02-02,2024-02-05,972,104425,35-44,Female,Technology,88156,7173,954.48,81,282
770939,2024-02-16,2024-02-20,945,104217,55-64,Female,Health,3060,1348,788.05,241,495
856353,2024-04-06,2024-04-07,960,103534,25-34,Female,Health,48592,5371,969.89,90,365
745601,2024-04-21,2024-04-25,952,103514,35-44,Female,Technology,54994,4570,1360.57,411,503
801440,2024-01-26,2024-01-30,952,104104,55-64,Male,Business,81443,3317,1144.43,158,259
760014,2024-03-24,2024-03-26,945,104181,18-24,Female,Fashion,43219,6390,982.39,160,295
882143,2024-03-19,2024-03-23,934,104470,25-34,Male,Health,81501,3271,664.51,21,325
804066,2024-02-06,2024-02-08,960,103734,25-34,Female,Health,59965,8608,393.37,596,405
774170,2024-04-06,2024-04-07,960,103968,45-54,Male,Health,65124,1749,337.68,76,444
768629,2024-03-21,2024-03-22,972,103329,25-34,Male,Business,12719,1153,356.82,43,69
729097,2024-03-09,2024-03-11,960,103157,18-24,Female,Travel,50573,7766,1301.74,566,23
749251,2024-02-19,2024-02-22,934,104269,45-54,Male,Technology,66406,7088,214.94,82,467
789830,2024-02-25,2024-02-26,952,103877,55-64,Male,Fashion,75751,3871,209.32,240,76
765141,2024-03-08,2024-03-12,960,103756,25-34,Male,Business,33087,761,71.08,81,101
809860,2024-01-03,2024-01-06,952,103126,45-54,Female,Health,72722,6551,1100.63,354,123
869512,2024-03-25,2024-03-26,972,103049,18-24,Female,Travel,12093,7678,47.8,512,398
881305,2024-02-09,2024-02-13,952,103453,18-24,Male,Fashion,13470,7826,1383.32,99,243
718494,2024-03-07,2024-03-11,934,103933,35-44,Female,Fashion,49482,6535,1458.03,524,350
758694,2024-03-25,2024-03-29,916,103415,45-54,Female,Business,46956,3055,381.74,469,377
762942,2024-02-17,2024-02-18,952,104108,55-64,Male,Fashion,24132,7963,99.57,87,284
745956,2024-03-02,2024-03-03,960,103019,18-24,Female,Fashion,6384,5441,1447.17,344,373
795576,2024-02-18,2024-02-22,972,103623,18-24,Female,Fashion,49916,2990,345.5,316,467
801904,2024-01-08,2024-01-09,934,103715,35-44,Male,Health,52449,557,822.49,346,381
722427,2024-04-15,2024-04-17,934,103739,45-54,Male,Travel,75133,4313,987.48,84,81
742870,2024-04-09,2024-04-12,934,104261,55-64,Female,Fashion,66771,6511,905.33,185,453
759290,2024-04-02,2024-04-05,960,103606,25-34,Male,Fashion,72782,927,1275.12,432,303
731156,2024-02-22,2024-02-25,972,103386,35-44,Male,Technology,80846,6043,746.42,98,184
846201,2024-04-12,2024-04-16,945,104479,18-24,Male,Education,60522,4715,802.29,316,46
839952,2024-04-07,2024-04-11,934,103979,25-34,Male,Fashion,82264,1360,1498.54,526,382
744347,2024-03-26,2024-03-30,952,104106,45-54,Male,Travel,19634,2249,858.69,343,535
742522,2024-04-28,2024-05-02,934,103962,35-44,Female,Technology,22643,5402,328.71,181,264
880816,2024-04-04,2024-04-05,972,103753,55-64,Male,Fashion,10053,5904,284.89,214,125
766895,2024-01-28,2024-01-30,972,104374,18-24,Male,Education,48024,3482,1306.81,578,128
816616,2024-02-04,2024-02-07,945,103349,18-24,Male,Business,30695,1094,565.26,405,210
732543,2024-04-07,2024-04-11,952,104201,55-64,Male,Education,74487,6464,1422.69,203,330
793952,2024-03-17,2024-03-18,952,104399,18-24,Male,Education,17644,3480,1216.1,471,359
736360,2024-02-10,2024-02-11,952,103456,25-34,Male,Technology,18659,308,1419.17,489,164
816017,2024-01-04,2024-01-05,934,103963,45-54,Female,Business,81892,601,860.01,221,522
883750,2024-04-16,2024-04-20,934,104022,18-24,Male,Technology,85916,2010,101.16,561,528
838987,2024-03-10,2024-03-13,952,103721,35-44,Female,Business,36638,8876,1282.28,229,412
709124,2024-03-05,2024-03-09,972,103187,25-34,Female,Travel,35830,7458,886.12,91,131
895303,2024-03-16,2024-03-20,945,103338,35-44,Female,Technology,15146,4019,1306.94,313,206
774482,2024-02-04,2024-02-06,916,104260,45-54,Female,Travel,13849,8733,455.0,340,549
780748,2024-02-28,2024-03-02,952,104098,45-54,Male,Education,34487,3418,1291.27,75,240
845918,2024-01-11,2024-01-14,945,104116,18-24,Female,Health,19115,4663,332.86,303,229
818917,2024-01-23,2024-01-27,945,104380,18-24,Female,Education,63124,5124,451.9,117,121
767748,2024-03-18,2024-03-21,945,103892,18-24,Male,Technology,89552,2235,251.47,219,437
758493,2024-01-19,2024-01-23,952,104261,25-34,Male,Fashion,77940,8945,242.16,43,63
752006,2024-04-10,2024-04-11,972,103047,35-44,Female,Technology,85905,6160,191.89,84,7
895203,2024-01-16,2024-01-18,952,103361,55-64,Male,Travel,11292,3468,821.14,502,83
732688,2024-04-17,2024-04-19,916,103347,25-34,Female,Health,68207,1324,1026.44,506,243
880105,2024-01-28,2024-01-30,945,103276,55-64,Female,Business,53888,5622,348.8,162,279
781008,2024-04-18,2024-04-22,934,104228,55-64,Male,Technology,72285,3422,1375.83,487,394
708034,2024-01-31,2024-02-03,960,103294,55-64,Male,Technology,49904,7672,185.23,376,154
872566,2024-02-22,2024-02-26,960,103097,18-24,Male,Business,86903,8877,199.24,318,470
830160,2024-03-11,2024-03-12,945,103678,55-64,Female,Business,86490,3562,1330.45,282,500
767398,2024-04-19,2024-04-22,960,103940,35-44,Female,Fashion,3164,699,1052.45,578,123
758558,2024-04-25,2024-04-28,960,103007,18-24,Male,Education,70317,1237,306.86,243,488
881825,2024-01-27,2024-01-31,952,103210,35-44,Male,Travel,70604,8374,1478.71,353,497
718725,2024-03-21,2024-03-22,952,103102,45-54,Male,Travel,82430,3004,88.04,547,506
844019,2024-01-07,2024-01-09,916,103630,35-44,Male,Travel,32895,5241,198.42,224,92
849406,2024-01-15,2024-01-16,945,104301,55-64,Female,Education,54829,4498,451.8,371,438
739087,2024-04-26,2024-04-28,960,104126,45-54,Female,Technology,8377,4588,1112.41,315,8
859448,2024-04-13,2024-04-17,952,104341,55-64,Female,Health,33805,7181,1083.53,84,455
859753,2024-03-16,2024-03-19,960,104331,25-34,Male,Health,85014,8600,1204.03,518,3
771760,2024-02-24,2024-02-25,960,104299,55-64,Female,Business,61455,4380,835.93,349,360
761320,2024-03-12,2024-03-14,934,103491,45-54,Female,Business,51322,3782,915.36,256,277
851402,2024-01-02,2024-01-03,972,103037,55-64,Male,Fashion,35010,2417,543.85,299,474
811417,2024-02-13,2024-02-14,945,103768,45-54,Female,Business,88690,6797,600.82,16,543
701951,2024-02-28,2024-03-03,952,104142,25-34,Male,Travel,4444,1553,180.93,423,534
832183,2024-04-11,2024-04-15,952,103177,55-64,Female,Technology,66666,688,213.19,521,30
817135,2024-02-25,2024-02-27,934,103754,45-54,Male,Fashion,48328,8510,1057.82,384,88
831181,2024-01-26,2024-01-30,952,104053,45-54,Female,Business,63123,8598,76.26,522,154
748395,2024-02-20,2024-02-22,934,104158,45-54,Female,Education,65892,2017,700.68,169,349
825346,2024-03-25,2024-03-28,945,103538,45-54,Male,Education,59368,7998,1006.76,555,291
744276,2024-02-26,2024-02-27,916,103406,55-64,Male,Business,33299,5149,744.38,51,274
845770,2024-02-19,2024-02-21,960,103687,18-24,Female,Fashion,87747,6510,140.64,492,26
897550,2024-01-13,2024-01-15,916,104437,35-44,Female,Fashion,26817,1294,1160.31,489,476
750669,2024-01-19,2024-01-21,934,103701,45-54,Male,Business,8655,4864,734.98,291,32
818416,2024-03-22,2024-03-23,960,103891,18-24,Male,Education,55294,2032,467.2,95,111
806268,2024-01-02,2024-01-04,960,103192,55-64,Female,Business,8138,2007,288.25,179,141
838808,2024-02-21,2024-02-22,945,103409,25-34,Male,Health,60577,3550,937.23,592,507
748419,2024-02-14,2024-02-16,960,104387,45-54,Female,Health,22776,8266,1389.28,259,357
795714,2024-04-27,2024-04-29,960,103430,18-24,Male,Travel,82509,6590,425.99,502,323
843555,2024-04-15,2024-04-16,934,104105,18-24,Female,Health,13064,1366,1316.91,409,274
838246,2024-02-18,2024-02-21,934,104212,25-34,Female,Education,81500,4193,1008.69,489,108
726258,2024-02-26,2024-02-27,934,103500,18-24,Female,Travel,5916,6101,66.7,24,505
846971,2024-04-01,2024-04-04,960,104106,18-24,Male,Fashion,74857,5736,1280.19,21,5
896500,2024-02-19,2024-02-22,945,103915,35-44,Female,Travel,31724,347,618.28,562,137
774244,2024-03-27,2024-03-29,934,103073,55-64,Female,Travel,77355,3064,1273.44,532,440
748236,2024-01-04,2024-01-05,960,103169,25-34,Male,Health,41051,5286,330.51,223,174
718608,2024-03-08,2024-03-11,934,103155,45-54,Male,Education,6942,1728,797.12,305,36
809023,2024-01-12,2024-01-16,945,103183,35-44,Female,Business,84487,5932,339.35,209,228
852019,2024-01-22,2024-01-23,960,103764,45-54,Male,Technology,86830,5555,754.42,500,258
735704,2024-03-30,2024-04-02,934,103017,35-44,Male,Fashion,36162,8728,1386.11,561,421
732043,2024-04-13,2024-04-14,945,103082,18-24,Male,Education,55065,3024,778.14,97,20
874453,2024-04-15,2024-04-18,934,103928,25-34,Male,Business,67533,4506,1489.75,189,40
819727,2024-04-08,2024-04-10,916,103060,35-44,Male,Travel,89075,8388,435.5,297,159
828139,2024-01-04,2024-01-08,960,103575,18-24,Male,Health,3017,5172,920.46,328,396
816753,2024-01-12,2024-01-16,952,104386,35-44,Male,Travel,17225,6297,1451.63,101,233
757644,2024-01-04,2024-01-06,972,103564,55-64,Male,Travel,43499,6551,1141.89,68,173
720018,2024-04-25,2024-04-26,960,103069,25-34,Female,Health,53286,5016,1050.17,47,56
739409,2024-04-04,2024-04-07,916,103076,55-64,Female,Business,57240,1632,1124.59,211,410
878180,2024-01-07,2024-01-10,952,104222,45-54,Female,Travel,84602,2360,522.29,308,336
897313,2024-01-10,2024-01-14,952,103388,55-64,Female,Business,18310,663,464.45,348,180
751770,2024-03-28,2024-04-01,934,104324,18-24,Female,Business,40755,8817,251.22,440,4
863528,2024-01-15,2024-01-18,952,104040,45-54,Female,Health,68145,1512,920.91,236,439
849377,2024-04-12,2024-04-14,960,104383,45-54,Male,Business,65097,7277,1386.71,596,485
825265,2024-03-24,2024-03-27,972,103560,45-54,Male,Technology,63277,8188,1156.82,297,231
815383,2024-03-11,2024-03-12,972,103421,25-34,Male,Fashion,45779,5599,1479.63,551,455
898434,2024-01-13,2024-01-16,945,103308,45-54,Female,Travel,80429,2661,1488.05,132,398
786799,2024-02-24,2024-02-25,916,103410,55-64,Male,Fashion,16347,5775,673.74,580,157
811912,2024-01-28,2024-02-01,934,103433,45-54,Female,Fashion,25715,6010,794.5,184,93
706443,2024-02-08,2024-02-11,945,103599,25-34,Male,Technology,11467,5494,1243.11,202,45
703693,2024-01-18,2024-01-21,972,103740,35-44,Female,Fashion,19402,8769,1157.72,363,174
772250,2024-03-02,2024-03-03,952,104355,25-34,Female,Education,70307,7697,1171.4,501,483
849187,2024-04-20,2024-04-21,934,103978,25-34,Male,Technology,49856,4685,854.05,289,253
772564,2024-03-15,2024-03-16,934,103399,55-64,Male,Health,10451,1701,896.85,68,537
899923,2024-04-09,2024-04-11,916,103037,35-44,Male,Health,85170,2548,1271.42,422,270
882611,2024-04-26,2024-04-30,916,103726,18-24,Female,Travel,47945,1643,1417.69,481,401
845343,2024-04-09,2024-04-12,934,103481,45-54,Male,Education,20844,4566,1174.81,101,403
829318,2024-03-06,2024-03-07,934,104037,45-54,Male,Technology,81317,6936,1166.34,177,490
729070,2024-02-17,2024-02-20,952,104176,55-64,Male,Education,10529,5326,271.23,501,453
890865,2024-04-19,2024-04-20,952,104141,18-24,Female,Business,33701,6491,1289.34,538,206
748838,2024-01-17,2024-01-21,972,103515,35-44,Female,Technology,41607,1808,1419.92,451,107
867874,2024-01-06,2024-01-08,960,104274,25-34,Male,Health,30550,2787,437.87,104,82
760615,2024-04-14,2024-04-17,972,103041,45-54,Male,Fashion,54366,7310,319.54,176,80
719228,2024-04-19,2024-04-21,934,103273,35-44,Male,Education,65584,5347,280.78,56,261
884448,2024-03-27,2024-03-30,972,103010,55-64,Female,Travel,59664,6220,72.89,19,111
718549,2024-02-16,2024-02-17,952,104078,25-34,Female,Education,64452,7196,633.49,386,203
845620,2024-01-16,2024-01-17,916,103400,55-64,Male,Technology,44776,3894,301.37,520,183
833350,2024-02-29,2024-03-04,972,103781,25-34,Male,Health,75295,5372,225.79,431,480
861836,2024-02-10,2024-02-11,960,103464,25-34,Male,Business,34173,8474,1104.61,594,331
784545,2024-01-26,2024-01-28,945,103325,45-54,Female,Travel,52644,5348,1152.55,342,374
854913,2024-02-15,2024-02-16,960,104219,55-64,Female,Travel,87653,3200,1064.25,335,467
894735,2024-02-19,2024-02-23,916,103635,35-44,Female,Travel,51430,8937,1012.16,547,416
786176,2024-01-01,2024-01-02,934,104391,35-44,Male,Education,51148,389,795.67,73,432
767447,2024-02-05,2024-02-06,945,103832,45-54,Female,Business,65277,5539,129.49,211,176
868038,2024-01-30,2024-02-01,960,103755,18-24,Male,Education,84832,4095,1467.93,353,470
815910,2024-01-02,2024-01-04,952,104197,25-34,Male,Technology,54882,7726,1479.4,453,514
823336,2024-03-24,2024-03-27,934,103483,25-34,Male,Fashion,50654,3217,1331.58,64,257
786685,2024-03-09,2024-03-13,934,103234,35-44,Male,Travel,35288,6162,1152.66,96,198
759179,2024-01-31,2024-02-03,960,103507,35-44,Female,Travel,5195,3941,1158.31,220,350
772306,2024-01-08,2024-01-09,945,104308,18-24,Female,Fashion,86618,2777,910.19,126,238
865558,2024-04-03,2024-04-04,945,103444,55-64,Female,Health,17252,1066,204.08,401,523
722779,2024-04-12,2024-04-13,952,103100,18-24,Male,Education,89076,4030,1239.97,441,479
767060,2024-03-01,2024-03-02,916,103555,55-64,Male,Travel,8699,4701,1028.92,484,521
776816,2024-03-06,2024-03-07,916,104487,55-64,Female,Business,44651,3703,154.14,255,42
800262,2024-04-26,2024-04-28,952,103926,45-54,Male,Business,20838,1628,926.47,227,366
796047,2024-03-17,2024-03-19,945,103858,45-54,Male,Technology,38717,2734,313.39,384,45
824756,2024-03-08,2024-03-09,952,103639,55-64,Male,Education,72116,7926,852.78,445,476
898052,2024-02-14,2024-02-18,960,103488,55-64,Male,Travel,59257,6258,404.36,517,532
704092,2024-02-21,2024-02-25,972,103052,55-64,Female,Fashion,72835,2610,972.06,516,114
853872,2024-01-08,2024-01-11,972,104429,18-24,Male,Business,13316,6309,1173.19,153,216
854192,2024-04-12,2024-04-14,972,103585,45-54,Male,Business,31056,7359,112.51,350,428
835369,2024-03-29,2024-03-31,934,103452,18-24,Female,Business,45628,896,147.2,188,297
871712,2024-03-11,2024-03-12,960,104072,45-54,Male,Technology,78738,2963,1496.81,468,357
896809,2024-01-14,2024-01-16,972,103612,25-34,Female,Technology,76065,7991,1037.86,572,288
832632,2024-01-29,2024-02-01,960,104484,25-34,Male,Education,57527,7837,491.26,121,426
735343,2024-04-18,2024-04-22,945,104205,35-44,Male,Travel,35727,2663,387.31,250,278
786710,2024-03-04,2024-03-08,934,103608,45-54,Female,Travel,40168,1157,651.45,409,177
879770,2024-03-25,2024-03-29,916,104252,45-54,Male,Technology,25042,8161,1420.92,73,408
826053,2024-02-06,2024-02-09,945,104477,55-64,Male,Fashion,61162,2543,1046.62,159,330
776021,2024-04-29,2024-05-03,945,103555,35-44,Female,Travel,11670,8442,1490.81,236,106
787839,2024-04-22,2024-04-25,972,103738,25-34,Female,Fashion,84109,4643,843.58,427,305
785182,2024-04-06,2024-04-08,960,104272,25-34,Male,Fashion,24031,1159,656.88,75,435
749203,2024-02-10,2024-02-12,934,103865,18-24,Male,Business,52191,4882,339.4,41,317
728010,2024-03-29,2024-03-30,960,103147,25-34,Female,Travel,16890,3589,825.91,75,508
730287,2024-04-26,2024-04-29,960,103513,18-24,Male,Fashion,66874,2143,980.13,188,18
822225,2024-03-04,2024-03-06,972,103151,18-24,Male,Education,24973,6455,792.24,279,150
768456,2024-02-28,2024-03-02,934,104289,18-24,Male,Travel,68854,5244,235.7,152,491
862331,2024-04-19,2024-04-21,945,104345,25-34,Male,Travel,70333,4877,285.34,76,192
871195,2024-03-18,2024-03-20,916,103772,45-54,Female,Health,48285,5568,1191.15,476,67
840792,2024-01-09,2024-01-11,945,103858,55-64,Female,Travel,69361,1073,352.32,591,337
882686,2024-03-19,2024-03-23,945,103461,55-64,Male,Technology,4832,7146,193.76,102,364
767573,2024-01-07,2024-01-09,945,103091,18-24,Male,Business,24010,6311,279.07,549,315
779067,2024-03-06,2024-03-08,934,103187,45-54,Female,Technology,81291,2431,1352.14,87,348
721980,2024-04-04,2024-04-05,945,104375,35-44,Male,Fashion,51040,3936,950.24,219,455
775369,2024-03-11,2024-03-14,934,103978,25-34,Male,Business,30512,5769,1167.08,367,405
817053,2024-02-10,2024-02-11,934,103396,25-34,Male,Travel,8038,7049,374.64,242,146
835073,2024-04-29,2024-05-02,916,103604,55-64,Female,Travel,18709,292,958.42,588,523
707780,2024-03-15,2024-03-17,960,104338,18-24,Male,Education,15844,5890,322.91,295,164
779611,2024-03-17,2024-03-19,934,103173,45-54,Female,Education,57889,7462,800.21,353,42
897587,2024-03-17,2024-03-20,916,103722,45-54,Female,Travel,52865,3824,146.88,247,156
803364,2024-01-26,2024-01-28,960,103695,25-34,Female,Health,9694,8049,794.88,522,101
744122,2024-04-16,2024-04-20,934,103592,45-54,Female,Business,32141,319,374.03,416,309
707460,2024-04-23,2024-04-27,952,103877,45-54,Male,Fashion,11026,6283,363.0,409,506
825982,2024-01-08,2024-01-10,972,103755,25-34,Male,Business,72400,1328,764.73,161,210
889600,2024-01-14,2024-01-17,960,103461,45-54,Male,Technology,23926,6650,875.96,269,202
861519,2024-02-14,2024-02-16,960,103292,45-54,Female,Business,56757,2528,1064.76,163,305
775359,2024-01-02,2024-01-06,945,104274,55-64,Female,Education,59888,2889,484.25,104,425
881072,2024-04-29,2024-05-01,960,103030,25-34,Male,Education,70447,277,460.95,438,465
836106,2024-02-11,2024-02-15,952,104029,18-24,Male,Fashion,39994,1603,162.72,387,67
785782,2024-03-19,2024-03-20,916,104113,18-24,Female,Technology,69100,5806,503.59,152,156
727631,2024-02-26,2024-03-01,945,103120,55-64,Male,Fashion,17675,2198,545.22,521,33
712328,2024-03-28,2024-03-30,916,103346,25-34,Female,Technology,67199,4024,760.37,374,500
729924,2024-03-04,2024-03-08,972,103014,55-64,Female,Technology,25439,2791,647.57,283,411
892080,2024-04-07,2024-04-08,934,103970,18-24,Male,Technology,36223,6721,1058.8,558,465
775375,2024-01-04,2024-01-07,960,103857,25-34,Female,Travel,31634,4538,701.06,71,101
851057,2024-01-18,2024-01-22,916,104350,25-34,Male,Technology,13463,8988,1267.29,503,483
867821,2024-03-29,2024-04-01,945,103677,55-64,Male,Travel,61363,5875,814.94,143,344
809563,2024-04-20,2024-04-23,916,103983,25-34,Male,Technology,44575,2727,898.07,145,83
837103,2024-03-28,2024-03-31,916,104114,25-34,Male,Health,16059,1834,1057.86,335,255
702172,2024-03-10,2024-03-12,972,104494,45-54,Female,Education,32265,4079,1025.76,294,157
754551,2024-04-07,2024-04-11,916,103130,18-24,Male,Health,85270,2982,1403.83,442,470
822342,2024-02-20,2024-02-22,934,104326,35-44,Male,Business,82144,7274,1121.15,476,433
849186,2024-04-11,2024-04-15,972,103529,55-64,Male,Technology,47402,1885,1434.87,323,261
809452,2024-01-03,2024-01-05,972,104163,45-54,Male,Travel,43981,3040,539.3,203,74
859526,2024-01-19,2024-01-22,945,103643,25-34,Male,Fashion,78452,1628,1460.49,243,209
828020,2024-02-16,2024-02-19,934,103529,35-44,Female,Business,33051,2481,914.49,312,121
888988,2024-02-15,2024-02-18,945,103718,25-34,Female,Travel,30509,3783,492.46,333,351
804338,2024-02-27,2024-02-28,960,104240,35-44,Male,Technology,34598,3508,241.26,528,223
777519,2024-02-05,2024-02-07,952,104332,55-64,Male,Health,57900,3453,795.58,453,35
881531,2024-01-19,2024-01-22,934,103066,55-64,Male,Travel,70328,8911,1445.46,337,72
809636,2024-04-01,2024-04-02,972,103398,25-34,Male,Health,59899,4079,1268.62,520,459
757735,2024-02-16,2024-02-19,934,104272,18-24,Female,Travel,67699,8322,1130.16,169,465
752622,2024-02-24,2024-02-26,952,104060,25-34,Female,Fashion,6391,8983,119.49,183,515
789589,2024-04-29,2024-05-03,972,103197,35-44,Female,Technology,36484,7966,1169.46,467,495
701937,2024-03-14,2024-03-17,952,103422,45-54,Male,Education,14231,1284,1044.13,462,182
864371,2024-03-22,2024-03-23,945,103903,18-24,Male,Education,23504,461,1262.81,192,476
816963,2024-03-03,2024-03-05,945,104482,35-44,Male,Business,83750,4727,193.13,468,136
780954,2024-03-08,2024-03-12,916,104494,18-24,Male,Technology,15097,1438,615.14,368,33
782667,2024-01-12,2024-01-14,916,103490,18-24,Male,Technology,80288,6567,532.25,349,435
740601,2024-01-27,2024-01-31,960,104342,55-64,Male,Travel,50956,2318,1167.41,510,464
759329,2024-04-02,2024-04-03,952,104168,18-24,Female,Health,39371,5076,1149.48,490,421
733701,2024-03-16,2024-03-20,952,103708,55-64,Male,Technology,86832,6558,770.03,179,382
759269,2024-01-11,2024-01-15,960,104225,45-54,Male,Health,73815,3615,571.02,562,277
839266,2024-01-04,2024-01-05,972,103913,18-24,Male,Education,70595,4658,190.89,245,407
707060,2024-02-15,2024-02-17,945,104494,45-54,Male,Business,65129,4096,261.45,378,168
752694,2024-02-28,2024-03-03,916,103347,25-34,Female,Business,23453,1419,55.27,375,317
778640,2024-02-29,2024-03-03,916,104136,18-24,Male,Education,4329,6045,1170.93,69,86
718937,2024-01-24,2024-01-28,945,103619,18-24,Male,Technology,28773,1358,1383.88,20,478
780661,2024-01-26,2024-01-28,952,103961,35-44,Male,Travel,40295,7951,88.66,67,94
853683,2024-01-28,2024-02-01,916,103678,25-34,Male,Technology,45714,4662,1201.01,404,94
788492,2024-02-27,2024-02-29,952,103919,18-24,Male,Fashion,46290,2086,443.17,374,115
734811,2024-04-20,2024-04-21,960,103648,25-34,Male,Health,60206,1624,791.68,265,420
790479,2024-01-04,2024-01-07,916,103437,25-34,Female,Travel,60077,7603,1052.0,23,88
866657,2024-04-09,2024-04-11,972,103536,55-64,Male,Business,68174,8271,529.1,168,266
768527,2024-03-19,2024-03-23,960,104096,18-24,Female,Travel,36826,5315,1474.29,464,190
864199,2024-03-26,2024-03-29,952,104303,35-44,Male,Travel,3670,6570,1478.98,423,149
865670,2024-02-29,2024-03-01,952,103142,45-54,Male,Travel,72436,3894,1021.18,301,488
746949,2024-04-28,2024-05-01,972,103790,18-24,Female,Travel,68506,2073,1476.24,499,12
732029,2024-02-18,2024-02-21,972,103913,55-64,Male,Fashion,53390,7884,211.81,338,501
742655,2024-02-26,2024-02-28,960,103349,25-34,Male,Business,41860,1951,57.62,392,478
721274,2024-03-28,2024-04-01,952,103520,18-24,Male,Travel,6737,3619,1283.08,278,21
824845,2024-03-28,2024-03-30,934,103886,35-44,Female,Education,29421,909,1050.99,28,389
706614,2024-04-10,2024-04-14,916,103091,45-54,Male,Education,67385,3424,495.55,234,425
767406,2024-01-05,2024-01-06,952,103686,55-64,Male,Health,43947,2486,805.95,443,545
793371,2024-03-10,2024-03-11,945,104498,18-24,Female,Technology,46463,3836,621.64,201,176
881858,2024-04-22,2024-04-24,945,104052,18-24,Female,Health,36027,8349,702.12,140,260
779336,2024-02-26,2024-02-28,960,104461,18-24,Male,Education,19072,2414,872.15,496,117
747409,2024-03-01,2024-03-02,945,103490,18-24,Female,Fashion,88762,2350,794.19,146,136
864802,2024-01-10,2024-01-13,952,104446,25-34,Female,Business,50987,6926,937.29,243,259
791982,2024-03-07,2024-03-08,952,104033,18-24,Female,Technology,58198,7674,525.2,377,33
705543,2024-04-11,2024-04-15,972,103741,25-34,Female,Fashion,70120,4832,860.86,66,62
806121,2024-02-03,2024-02-04,960,103867,55-64,Female,Fashion,14970,6874,1300.12,55,195
816397,2024-03-10,2024-03-13,916,103490,55-64,Male,Technology,30957,8095,567.81,31,355
851509,2024-01-10,2024-01-14,916,104456,18-24,Male,Education,46205,3288,450.27,130,225
818146,2024-03-20,2024-03-22,916,104000,25-34,Male,Business,87711,7387,753.74,561,45
710417,2024-01-29,2024-01-31,952,103352,25-34,Female,Business,29902,8722,508.34,440,530
748934,2024-03-07,2024-03-09,945,103522,25-34,Male,Travel,89642,5979,1359.01,464,256
827717,2024-01-11,2024-01-14,960,103662,55-64,Female,Business,21914,7321,925.85,235,499
818883,2024-04-10,2024-04-13,934,103324,55-64,Female,Health,69870,8346,1122.56,517,466
783777,2024-01-04,2024-01-07,972,104393,45-54,Female,Education,62948,1310,84.25,276,430
805637,2024-02-18,2024-02-20,952,104038,55-64,Male,Fashion,76054,6980,183.16,42,96
829693,2024-01-04,2024-01-05,972,103959,35-44,Male,Education,78532,8973,628.66,16,124
873053,2024-01-24,2024-01-27,972,104020,18-24,Male,Education,55505,7116,649.11,192,150
856997,2024-04-01,2024-04-04,952,104015,18-24,Female,Business,58873,3622,136.17,194,118
887086,2024-02-25,2024-02-26,972,104423,55-64,Female,Health,43876,1038,1199.96,227,133
888052,2024-02-04,2024-02-08,960,103053,25-34,Male,Education,65728,902,863.16,379,139
798361,2024-02-07,2024-02-11,945,103975,18-24,Male,Fashion,34471,2811,769.01,448,166
896691,2024-02-19,2024-02-23,934,103366,55-64,Female,Travel,84000,8725,1026.21,137,111
763050,2024-03-28,2024-03-31,945,104186,45-54,Male,Health,86261,8805,1051.43,591,288
753315,2024-03-26,2024-03-30,972,103013,35-44,Male,Business,13097,1749,523.06,312,410
891905,2024-01-26,2024-01-29,972,104077,35-44,Female,Technology,70541,7441,735.07,44,422
753049,2024-01-18,2024-01-20,934,103603,45-54,Male,Business,14387,4478,888.49,205,304
892677,2024-02-28,2024-02-29,945,103481,55-64,Female,Technology,48073,994,46.48,593,472
764633,2024-03-07,2024-03-10,916,103232,18-24,Male,Education,52852,8565,246.32,408,107
839469,2024-02-15,2024-02-19,972,104195,55-64,Female,Education,67859,1747,609.23,350,273
767639,2024-01-11,2024-01-13,916,103464,55-64,Female,Education,57234,2197,105.44,566,30
802143,2024-01-09,2024-01-11,934,103327,35-44,Female,Health,43650,3644,119.33,62,102
719853,2024-04-27,2024-04-28,952,103857,45-54,Male,Education,19700,6356,791.34,545,497
784312,2024-04-06,2024-04-08,916,103426,35-44,Male,Education,35433,6579,936.02,423,509
765810,2024-01-26,2024-01-27,960,103278,25-34,Male,Technology,42107,236,394.03,471,393
747862,2024-04-09,2024-04-10,972,104095,35-44,Female,Business,9436,7244,1347.93,201,138
765018,2024-03-08,2024-03-10,960,103978,55-64,Male,Technology,74211,2236,1221.35,105,351
888656,2024-04-25,2024-04-29,945,103579,45-54,Female,Business,19730,5223,1294.61,265,472
844715,2024-03-06,2024-03-08,916,103046,45-54,Male,Health,21946,2688,707.19,90,51
701919,2024-01-08,2024-01-10,952,103346,18-24,Female,Health,47017,5488,1231.07,329,538
721058,2024-03-11,2024-03-14,945,103332,25-34,Female,Travel,27180,7999,1016.02,506,47
814404,2024-04-09,2024-04-13,960,103785,25-34,Male,Education,7010,3599,176.85,65,192
781845,2024-04-07,2024-04-11,945,103683,25-34,Male,Travel,79903,1611,59.64,568,191
833960,2024-02-09,2024-02-11,934,104327,55-64,Male,Business,77040,3559,1412.29,223,352
827580,2024-03-23,2024-03-25,945,103401,18-24,Male,Technology,53764,3715,827.69,484,505
880251,2024-04-02,2024-04-06,945,103660,25-34,Male,Travel,73535,6650,1111.31,486,263
882516,2024-02-08,2024-02-11,952,103320,18-24,Male,Health,42378,5284,276.01,183,187
818485,2024-01-06,2024-01-07,916,104300,35-44,Female,Technology,64932,2779,1059.36,512,43
784864,2024-01-10,2024-01-11,960,103026,25-34,Male,Technology,12944,235,990.38,433,531
823787,2024-02-10,2024-02-13,972,103927,35-44,Male,Fashion,76196,8719,1356.49,523,78
877219,2024-04-15,2024-04-18,945,103376,18-24,Female,Technology,43428,4972,483.17,45,451
855095,2024-03-09,2024-03-12,916,103502,45-54,Male,Travel,81142,8899,570.82,414,360
773148,2024-03-28,2024-03-30,960,104402,45-54,Female,Fashion,79188,6914,937.31,441,345
851546,2024-04-14,2024-04-17,952,104400,45-54,Female,Technology,44177,3546,1324.41,508,131
785632,2024-01-22,2024-01-24,945,103659,35-44,Male,Travel,11299,8378,432.27,224,218
836912,2024-03-30,2024-03-31,972,103505,55-64,Female,Education,8946,6888,179.68,438,293
793826,2024-02-20,2024-02-22,916,104453,45-54,Male,Health,17613,4454,514.89,72,10
887570,2024-02-06,2024-02-07,972,103192,55-64,Female,Education,78332,4758,972.16,570,239
867938,2024-02-14,2024-02-18,945,104043,45-54,Male,Fashion,5978,1276,1496.33,385,262
842199,2024-04-02,2024-04-06,934,103451,35-44,Male,Business,59304,854,293.3,488,424
862440,2024-04-09,2024-04-13,916,103401,35-44,Male,Travel,47515,8790,1224.44,164,386
825073,2024-03-24,2024-03-26,972,104167,25-34,Male,Technology,56210,8641,368.07,55,182
738890,2024-03-22,2024-03-26,972,103977,35-44,Male,Fashion,43596,3814,791.12,98,60
795513,2024-04-13,2024-04-14,945,103032,35-44,Female,Health,45049,2933,1133.43,398,506
843863,2024-04-18,2024-04-20,972,103219,25-34,Female,Travel,48563,8639,197.66,351,146
768245,2024-03-02,2024-03-05,934,103375,45-54,Female,Travel,62201,5963,1204.24,360,255
734642,2024-04-14,2024-04-16,972,103931,35-44,Female,Business,48247,4824,154.29,592,526
754681,2024-04-27,2024-04-30,945,104249,35-44,Female,Health,56514,6623,513.89,170,369
821668,2024-04-29,2024-05-03,945,103394,55-64,Male,Health,84379,6464,88.16,61,182
753969,2024-04-29,2024-04-30,972,104146,18-24,Female,Business,69550,1583,1271.65,262,210
735967,2024-01-15,2024-01-18,945,103548,35-44,Male,Education,83131,2620,919.22,311,288
768588,2024-03-19,2024-03-20,960,103965,18-24,Male,Technology,37126,7385,281.86,599,460
897134,2024-01-24,2024-01-26,945,103789,45-54,Male,Technology,54921,3896,210.83,273,505
821135,2024-03-03,2024-03-04,960,104184,25-34,Male,Fashion,49682,3466,734.99,427,67
817147,2024-01-29,2024-02-01,945,103619,45-54,Male,Technology,81199,3640,50.67,482,36
746809,2024-04-27,2024-04-30,960,103350,55-64,Male,Business,31278,4267,1196.56,130,241
717642,2024-03-21,2024-03-22,945,103906,35-44,Male,Travel,9193,5596,1454.32,80,47
820454,2024-04-22,2024-04-25,934,103892,45-54,Female,Technology,88419,398,91.42,26,414
767616,2024-04-20,2024-04-22,952,103133,25-34,Female,Technology,55956,5062,895.3,11,278
787765,2024-01-25,2024-01-26,952,104235,18-24,Female,Technology,67977,8267,932.81,591,368
839712,2024-01-16,2024-01-18,916,104306,45-54,Male,Fashion,51468,8693,54.97,348,469
834279,2024-02-19,2024-02-23,945,104292,55-64,Male,Travel,5697,4937,1157.88,152,35
819857,2024-03-21,2024-03-25,916,104194,35-44,Female,Health,5892,1459,418.83,39,305
784854,2024-04-20,2024-04-22,934,104498,35-44,Female,Health,12150,4808,992.68,557,67
859457,2024-04-20,2024-04-22,960,103230,55-64,Female,Travel,45431,3134,346.76,32,140
743823,2024-03-25,2024-03-27,972,103050,55-64,Female,Education,43845,4982,168.01,23,475
800414,2024-04-17,2024-04-21,945,103749,18-24,Male,Technology,51144,1348,405.97,41,340
703046,2024-04-21,2024-04-24,934,103193,35-44,Male,Education,80693,3370,1320.79,458,541
724664,2024-03-31,2024-04-04,916,103464,18-24,Female,Technology,22452,8981,1149.71,410,365
847912,2024-04-27,2024-04-30,945,103982,18-24,Female,Education,36233,795,756.37,410,148
761303,2024-01-05,2024-01-09,952,103505,45-54,Male,Travel,89283,968,209.51,408,452
865104,2024-01-22,2024-01-24,934,104122,25-34,Female,Fashion,56110,4359,347.58,151,70
740144,2024-02-02,2024-02-05,945,103215,25-34,Female,Fashion,8793,4264,1444.62,24,279
896984,2024-02-09,2024-02-11,972,104231,45-54,Male,Health,86001,2645,245.24,271,390
847274,2024-01-02,2024-01-05,972,103266,18-24,Male,Education,21526,7020,459.81,297,17
888498,2024-04-08,2024-04-12,934,103955,45-54,Female,Health,88343,6986,848.45,78,97
896181,2024-04-16,2024-04-20,945,103675,25-34,Female,Technology,35893,7356,580.04,520,68
835432,2024-03-23,2024-03-27,916,104270,45-54,Female,Health,16303,8809,432.92,518,432
894953,2024-04-13,2024-04-15,945,104031,35-44,Female,Education,54512,5822,1031.92,200,114
746296,2024-03-31,2024-04-04,952,104178,45-54,Female,Education,53867,6262,268.55,539,311
879914,2024-04-13,2024-04-16,934,104451,18-24,Male,Education,30306,3430,729.4,339,544
826483,2024-02-05,2024-02-07,916,103813,18-24,Female,Technology,52153,7978,208.88,168,422
726507,2024-02-28,2024-03-01,934,103710,18-24,Female,Health,40212,7817,460.1,133,486
817990,2024-02-08,2024-02-10,972,103430,18-24,Male,Health,16713,913,564.88,152,368
866833,2024-01-02,2024-01-04,934,103301,55-64,Female,Business,63153,2145,973.97,562,180
811054,2024-04-14,2024-04-18,916,103261,35-44,Male,Health,11230,7607,708.72,579,432
873573,2024-02-22,2024-02-26,972,103826,45-54,Female,Health,4693,1848,455.7,208,315
826776,2024-01-18,2024-01-21,960,104216,45-54,Male,Business,11116,6694,1038.73,207,400
700078,2024-02-15,2024-02-19,945,104026,35-44,Male,Health,38515,8151,730.82,517,493
724799,2024-01-23,2024-01-24,972,104218,45-54,Female,Travel,4919,6881,1096.12,215,495
757083,2024-02-23,2024-02-27,945,103532,25-34,Female,Travel,59202,7315,602.94,133,405
749007,2024-03-30,2024-04-03,952,103870,45-54,Male,Health,70552,6526,1099.92,21,337
888082,2024-03-15,2024-03-19,945,104352,25-34,Female,Education,4230,357,871.1,189,277
719010,2024-04-21,2024-04-24,952,103906,35-44,Female,Fashion,57379,962,401.15,141,173
704738,2024-01-01,2024-01-04,972,104063,55-64,Male,Fashion,10599,6461,834.19,347,413
700175,2024-02-05,2024-02-06,960,103650,25-34,Female,Travel,70569,3577,237.43,531,443
829119,2024-04-23,2024-04-27,972,103617,45-54,Male,Technology,13785,1616,53.4,508,306
822501,2024-03-24,2024-03-28,972,103040,45-54,Male,Technology,6151,6130,1049.07,278,481
787044,2024-04-04,2024-04-06,972,103020,25-34,Male,Business,22099,2770,299.65,282,24
701902,2024-03-12,2024-03-13,945,104042,45-54,Male,Travel,33204,2597,904.57,66,279
744559,2024-02-09,2024-02-12,972,103311,55-64,Female,Education,29013,2231,720.36,330,427
877389,2024-03-28,2024-04-01,945,103939,55-64,Male,Technology,77664,3578,676.72,480,441
725652,2024-04-27,2024-05-01,916,103489,35-44,Female,Business,63710,7676,498.19,54,231
857456,2024-03-24,2024-03-27,952,103255,18-24,Female,Education,69934,445,802.28,302,64
701924,2024-04-28,2024-05-02,952,103071,55-64,Female,Health,57378,7233,1459.5,285,458
827575,2024-03-19,2024-03-23,916,104028,25-34,Male,Travel,74735,2992,1158.5,398,444
896442,2024-01-30,2024-02-01,972,104080,45-54,Male,Fashion,28640,3475,644.11,499,97
745336,2024-01-20,2024-01-24,945,103575,18-24,Male,Business,32292,711,1313.58,190,180
795764,2024-02-07,2024-02-08,934,103556,25-34,Female,Travel,46021,2370,809.05,193,105
713933,2024-01-02,2024-01-06,945,104098,18-24,Male,Health,9921,1974,1479.34,50,456
773863,2024-01-06,2024-01-07,972,103466,18-24,Male,Technology,38366,3457,1457.25,277,241
707853,2024-04-15,2024-04-18,916,103256,18-24,Male,Health,73878,947,81.23,538,186
879233,2024-03-22,2024-03-23,945,103402,55-64,Male,Health,4281,6693,294.73,194,54
827950,2024-02-05,2024-02-09,945,103317,45-54,Female,Education,88673,1145,1264.15,559,177
819074,2024-03-18,2024-03-21,916,104099,18-24,Male,Education,26216,3601,571.96,40,180
806777,2024-01-26,2024-01-30,960,103224,18-24,Female,Fashion,59996,6005,400.03,260,456
867779,2024-04-07,2024-04-09,960,104305,35-44,Female,Technology,40962,2602,823.54,593,39
873537,2024-04-27,2024-04-28,972,103871,45-54,Male,Business,29847,4489,1020.83,153,444
848982,2024-04-03,2024-04-05,972,104081,55-64,Male,Business,17931,3288,501.14,413,338
715796,2024-03-11,2024-03-13,916,104152,45-54,Male,Fashion,88879,2928,1295.77,402,243
776558,2024-02-28,2024-03-01,952,103175,55-64,Female,Fashion,40259,4162,771.32,47,533
797090,2024-01-30,2024-02-01,945,103971,18-24,Male,Education,22398,8194,378.13,573,143
702472,2024-03-22,2024-03-26,945,104403,45-54,Female,Business,46397,6954,1025.32,380,455
780264,2024-01-22,2024-01-25,960,103991,55-64,Male,Fashion,61741,5482,726.41,220,147
745219,2024-01-17,2024-01-21,952,103106,45-54,Female,Fashion,81078,458,260.74,170,197
768019,2024-01-31,2024-02-01,952,103272,25-34,Male,Business,13469,1904,146.11,465,167
832537,2024-02-25,2024-02-26,960,104263,45-54,Female,Education,30875,1819,922.19,512,54
845929,2024-03-21,2024-03-23,960,103874,35-44,Male,Health,49278,2552,134.08,536,131
787267,2024-01-31,2024-02-01,945,103226,35-44,Female,Health,36248,7437,1461.08,498,426
874009,2024-01-13,2024-01-17,972,103622,55-64,Male,Education,14953,5764,337.73,492,324
734768,2024-03-31,2024-04-04,972,103370,35-44,Male,Travel,19667,5460,1480.36,7,3
787256,2024-03-24,2024-03-28,972,103164,55-64,Male,Health,29806,3936,508.6,326,446
785322,2024-01-17,2024-01-19,972,104355,18-24,Female,Technology,31109,1627,1393.48,153,279
758298,2024-04-02,2024-04-03,972,103679,55-64,Male,Education,8041,3622,968.77,101,449
780631,2024-02-08,2024-02-10,934,103268,45-54,Male,Travel,35657,4644,180.18,134,23
873678,2024-04-08,2024-04-10,916,103339,45-54,Female,Fashion,79850,5251,414.4,350,171
729086,2024-01-08,2024-01-11,972,103040,25-34,Male,Fashion,35073,1440,612.38,168,209
866475,2024-04-16,2024-04-20,945,103944,18-24,Female,Business,25987,3373,653.22,413,228
825080,2024-02-07,2024-02-11,972,104400,35-44,Female,Education,83491,2273,863.3,243,231
736825,2024-01-15,2024-01-16,945,103062,35-44,Male,Business,53748,2637,908.38,336,312
708614,2024-04-23,2024-04-26,945,103031,18-24,Female,Fashion,62197,2693,493.42,317,370
880279,2024-01-01,2024-01-05,934,103389,45-54,Male,Education,63733,6375,169.6,137,213
871165,2024-04-06,2024-04-09,916,103078,55-64,Male,Business,29987,4163,1048.75,324,386
892770,2024-01-03,2024-01-04,972,103480,25-34,Female,Technology,40435,4553,715.47,359,149
831061,2024-04-12,2024-04-15,972,104326,45-54,Male,Fashion,65800,7889,1038.34,96,252
873183,2024-02-07,2024-02-11,945,103339,45-54,Female,Business,51405,2427,869.73,135,119
889652,2024-02-17,2024-02-21,972,103657,55-64,Male,Technology,66076,7673,49.21,362,207
803469,2024-03-03,2024-03-05,945,103806,18-24,Female,Education,79320,338,1211.39,425,271
725250,2024-03-02,2024-03-06,960,104097,55-64,Female,Business,40151,5711,1161.46,534,385
846295,2024-01-15,2024-01-17,960,104249,45-54,Female,Business,63495,2315,628.93,108,48
746684,2024-03-02,2024-03-03,945,103024,45-54,Female,Fashion,60486,233,1181.05,583,164
724716,2024-04-15,2024-04-17,945,103987,45-54,Female,Health,24598,3077,64.79,534,423
741413,2024-03-22,2024-03-23,952,103180,55-64,Female,Education,18524,4172,662.03,562,54
725738,2024-02-07,2024-02-11,960,104071,45-54,Male,Technology,45313,6199,660.12,262,13
709994,2024-04-04,2024-04-07,952,104402,45-54,Male,Business,54963,6614,326.51,517,382
716625,2024-01-20,2024-01-22,916,104236,25-34,Female,Fashion,12584,3329,360.13,161,8
861173,2024-02-28,2024-03-02,934,104294,25-34,Male,Business,11358,4217,110.08,254,357
738365,2024-01-07,2024-01-09,952,103259,45-54,Female,Health,89326,3741,1000.46,563,291
871076,2024-04-10,2024-04-12,916,103666,25-34,Female,Travel,69467,4290,1439.17,394,178
840891,2024-03-31,2024-04-04,952,104245,25-34,Female,Education,18447,1639,1392.3,468,138
823294,2024-03-12,2024-03-16,916,104418,18-24,Female,Education,50447,2319,332.67,294,31
789659,2024-03-18,2024-03-19,952,103107,18-24,Male,Education,82379,6528,829.82,62,82
839785,2024-04-23,2024-04-24,934,103498,35-44,Male,Fashion,77756,5554,1199.98,331,388
858970,2024-03-19,2024-03-20,916,103639,18-24,Male,Education,9020,4455,523.26,336,63
798763,2024-03-11,2024-03-12,945,103441,55-64,Female,Health,83207,1602,295.9,395,400
891130,2024-04-06,2024-04-09,952,103157,25-34,Male,Business,4456,5503,70.53,251,99
766404,2024-02-21,2024-02-25,945,104058,35-44,Male,Health,34635,5037,1118.18,345,513
811755,2024-04-07,2024-04-08,916,104499,25-34,Female,Business,11043,2988,435.34,177,346
866742,2024-01-04,2024-01-07,960,104036,35-44,Male,Education,17595,4042,315.23,311,161
711861,2024-01-01,2024-01-03,916,104140,45-54,Female,Education,50752,1273,1352.26,46,377
719926,2024-04-14,2024-04-17,972,103683,18-24,Female,Travel,38760,7969,1247.5,196,455
783854,2024-03-18,2024-03-20,960,103536,35-44,Male,Fashion,52938,1955,1200.4,108,423
819449,2024-04-04,2024-04-06,934,103005,25-34,Female,Business,46682,836,121.87,508,18
705109,2024-02-07,2024-02-10,934,103607,35-44,Female,Technology,36466,8039,1395.86,508,238
729083,2024-04-23,2024-04-27,945,104378,25-34,Male,Education,85667,305,697.44,533,308
898754,2024-02-22,2024-02-23,972,103659,55-64,Male,Technology,33727,2124,412.79,66,505
877636,2024-03-24,2024-03-27,952,103143,55-64,Male,Business,61784,5774,1108.02,102,475
778379,2024-01-03,2024-01-07,945,103183,25-34,Female,Technology,87883,5397,94.29,234,530
831109,2024-04-08,2024-04-12,945,103450,55-64,Male,Business,29970,4375,255.89,256,191
801123,2024-04-19,2024-04-23,916,104191,35-44,Female,Education,9264,3268,658.16,64,278
814893,2024-04-06,2024-04-09,960,103731,35-44,Female,Technology,5302,6549,1458.61,581,15
786318,2024-01-15,2024-01-19,916,103635,55-64,Male,Health,23314,4485,89.38,242,472
833092,2024-01-03,2024-01-05,945,103109,18-24,Male,Business,3393,5153,130.3,432,37
741479,2024-04-01,2024-04-05,934,103899,18-24,Female,Business,84024,5912,209.62,392,487
873575,2024-03-31,2024-04-02,916,103358,35-44,Male,Travel,21675,7442,475.33,122,548
866904,2024-04-20,2024-04-21,916,103782,25-34,Male,Fashion,89417,1252,421.95,196,86
898360,2024-04-20,2024-04-24,952,103722,18-24,Male,Travel,39099,3009,288.54,459,140
730717,2024-02-02,2024-02-03,960,104220,35-44,Male,Health,43338,416,1068.4,74,517
882858,2024-03-23,2024-03-24,952,103349,55-64,Female,Travel,66660,5391,1101.1,134,529
707994,2024-02-25,2024-02-29,952,103494,55-64,Male,Technology,10759,2191,611.64,482,172
813722,2024-02-02,2024-02-04,916,104387,25-34,Female,Business,67741,1651,827.77,397,410
810969,2024-01-31,2024-02-01,952,103798,45-54,Male,Technology,58297,4787,884.97,295,129
747517,2024-01-04,2024-01-08,916,103219,35-44,Female,Technology,13508,4164,1240.77,325,496
887186,2024-04-05,2024-04-08,945,103690,55-64,Female,Travel,14395,8262,653.43,290,16
777368,2024-04-15,2024-04-18,952,103150,45-54,Male,Travel,78123,5137,1359.38,573,59
732759,2024-04-01,2024-04-02,934,103110,35-44,Female,Technology,21575,5917,1229.33,98,152
734953,2024-04-29,2024-04-30,952,103028,25-34,Female,Health,89352,1035,833.59,579,231
825049,2024-03-20,2024-03-24,916,103062,18-24,Female,Business,85542,5604,462.56,454,21
895214,2024-04-22,2024-04-25,972,103170,45-54,Female,Education,76185,555,1106.08,41,467
871254,2024-04-16,2024-04-17,916,104457,45-54,Female,Fashion,76173,4851,1061.47,298,74
834997,2024-04-01,2024-04-05,916,103023,45-54,Female,Health,46481,733,253.89,534,377
857183,2024-03-19,2024-03-21,916,103393,18-24,Female,Technology,71153,384,1361.15,70,372
831480,2024-04-21,2024-04-23,945,104391,18-24,Male,Health,61352,1843,318.02,171,367
871672,2024-01-22,2024-01-25,945,103765,18-24,Male,Health,63695,7117,134.18,10,325
714188,2024-01-31,2024-02-04,945,104437,55-64,Female,Business,51211,3817,44.95,537,180
897953,2024-02-29,2024-03-04,945,104494,25-34,Male,Business,5239,7743,1160.4,434,89
762812,2024-03-25,2024-03-27,916,103422,55-64,Female,Travel,68227,5955,44.72,590,285
785076,2024-02-01,2024-02-03,972,104467,18-24,Female,Education,55511,4914,402.47,495,454
768911,2024-03-11,2024-03-15,934,103340,35-44,Female,Education,58129,1053,1459.03,26,449
738785,2024-04-06,2024-04-08,972,103381,25-34,Male,Fashion,27629,2966,190.93,165,539
751646,2024-01-08,2024-01-10,934,104336,55-64,Male,Business,52605,8373,898.88,435,363
781203,2024-03-18,2024-03-19,945,103000,45-54,Female,Travel,44429,6270,122.91,369,193
789159,2024-03-02,2024-03-04,952,103999,25-34,Female,Education,59631,7786,714.84,433,310
753603,2024-03-29,2024-04-01,934,104052,25-34,Female,Education,82052,8254,948.1,434,342
865300,2024-04-05,2024-04-06,952,104182,25-34,Male,Fashion,88014,6794,815.72,324,84
727098,2024-01-28,2024-01-31,952,104245,55-64,Female,Fashion,51764,4086,1018.13,144,522
723547,2024-03-06,2024-03-08,952,104126,45-54,Male,Health,11249,6629,261.66,104,366
896890,2024-01-17,2024-01-18,934,103202,45-54,Female,Education,12788,8186,1067.25,333,14
715416,2024-03-31,2024-04-01,972,104457,55-64,Female,Travel,9405,6383,85.42,516,100
884937,2024-01-02,2024-01-03,960,104045,25-34,Female,Health,58768,6680,472.46,559,417
850422,2024-01-08,2024-01-10,934,103497,45-54,Female,Technology,87113,4594,1394.09,529,526
754460,2024-02-07,2024-02-11,960,103447,55-64,Female,Health,12402,643,308.05,142,43
727915,2024-01-20,2024-01-23,960,103243,45-54,Female,Business,52052,4884,265.73,388,53
723877,2024-04-22,2024-04-26,916,103792,25-34,Female,Education,43684,6416,640.59,596,351
777975,2024-03-04,2024-03-08,972,103994,55-64,Female,Fashion,20528,7945,674.09,360,398
807620,2024-04-10,2024-04-11,952,103162,55-64,Male,Travel,83726,5824,452.58,411,237
731288,2024-01-21,2024-01-24,972,103174,55-64,Male,Fashion,67951,6843,316.65,334,54
717432,2024-03-30,2024-04-02,952,103171,35-44,Male,Technology,72406,5972,381.8,122,27
798067,2024-01-31,2024-02-01,972,103592,45-54,Female,Technology,16732,3817,1033.16,235,47
873230,2024-03-24,2024-03-26,972,104461,45-54,Male,Technology,28258,2525,206.99,54,55
717124,2024-03-10,2024-03-14,945,103266,18-24,Female,Travel,55671,6805,210.68,482,19
856805,2024-04-23,2024-04-25,916,104382,45-54,Male,Business,87573,4658,271.34,220,20
870870,2024-01-15,2024-01-19,960,103779,55-64,Male,Education,78362,1275,1361.52,571,170
838964,2024-02-26,2024-02-29,960,103535,55-64,Male,Education,89851,8745,1283.34,472,131
812030,2024-01-01,2024-01-02,952,103666,55-64,Female,Education,50748,8314,1425.88,49,230
738496,2024-03-30,2024-04-03,934,104045,55-64,Male,Technology,56776,658,1409.44,145,537
825039,2024-01-29,2024-02-01,972,104157,18-24,Female,Fashion,21097,1510,130.93,36,266
717529,2024-03-06,2024-03-09,952,103580,45-54,Male,Fashion,57295,5900,1229.46,26,222
722944,2024-01-22,2024-01-26,960,103863,45-54,Male,Health,26680,8979,545.69,84,381
864464,2024-03-01,2024-03-03,972,103056,35-44,Female,Fashion,45953,4615,1225.85,167,228
765857,2024-01-29,2024-01-31,952,104202,45-54,Male,Technology,55618,926,1422.05,344,480
834260,2024-01-09,2024-01-11,934,103542,35-44,Female,Health,42910,6584,1073.12,8,181
761927,2024-02-10,2024-02-11,952,104487,25-34,Female,Health,3311,3677,1274.42,476,282
894528,2024-01-21,2024-01-25,960,103124,55-64,Female,Health,67095,2010,855.3,599,536
732129,2024-02-24,2024-02-28,945,103932,45-54,Female,Fashion,14650,5967,805.48,576,377
801804,2024-04-05,2024-04-06,960,103850,35-44,Female,Education,78597,3955,1424.66,517,104
818669,2024-04-05,2024-04-09,952,104175,45-54,Male,Business,77105,4269,662.49,419,60
881465,2024-04-20,2024-04-21,945,103522,45-54,Female,Travel,38305,6550,180.71,103,350
803127,2024-04-17,2024-04-21,960,103620,25-34,Female,Education,40083,5955,354.74,276,402
840811,2024-02-09,2024-02-13,934,104496,45-54,Male,Fashion,86398,4591,1027.66,188,541
771346,2024-01-26,2024-01-27,934,104302,25-34,Female,Education,19032,6329,633.18,314,373
859747,2024-02-17,2024-02-21,960,104398,25-34,Female,Fashion,21873,3461,1168.46,510,549
854244,2024-03-17,2024-03-19,934,103109,55-64,Male,Technology,29043,4675,820.15,112,490
894612,2024-01-03,2024-01-06,945,104397,25-34,Female,Health,59748,610,236.61,362,475
790699,2024-04-05,2024-04-07,916,103056,35-44,Male,Travel,13971,1321,1006.4,582,50
847628,2024-02-02,2024-02-06,960,103755,35-44,Female,Education,73444,5171,1426.95,493,351
744682,2024-04-06,2024-04-09,952,103938,25-34,Male,Business,20370,4728,788.11,469,202
777659,2024-02-11,2024-02-12,972,104427,18-24,Female,Education,9928,1865,1324.99,383,437
863354,2024-04-15,2024-04-16,960,103504,25-34,Male,Education,48425,8459,1458.24,289,84
799829,2024-03-17,2024-03-19,972,103952,18-24,Male,Health,72793,3376,456.04,233,149
862562,2024-02-12,2024-02-16,960,103508,45-54,Female,Travel,6863,2418,807.71,245,68
719082,2024-03-10,2024-03-14,934,104328,18-24,Female,Education,54612,2775,67.63,264,350
867963,2024-01-04,2024-01-05,934,103683,35-44,Male,Business,53644,1386,800.84,383,28
762364,2024-04-11,2024-04-13,952,103164,35-44,Male,Technology,62838,7478,350.96,165,427
754864,2024-03-04,2024-03-07,945,103122,25-34,Female,Travel,29806,850,643.39,86,167
886825,2024-03-10,2024-03-11,945,104347,18-24,Female,Business,79608,4223,134.09,147,330
761390,2024-02-20,2024-02-24,960,103947,25-34,Female,Technology,34041,889,1183.55,215,133
873680,2024-03-07,2024-03-10,934,103821,25-34,Male,Education,3992,7912,878.49,160,391
774879,2024-03-31,2024-04-02,945,104378,25-34,Male,Technology,51979,344,978.38,403,297
894091,2024-04-13,2024-04-17,916,103884,25-34,Male,Education,40613,6837,611.62,550,501
878588,2024-03-24,2024-03-28,934,103824,35-44,Male,Health,77290,8695,183.38,109,268
713891,2024-01-18,2024-01-20,945,103790,45-54,Female,Travel,55317,8295,575.47,440,165
846839,2024-01-20,2024-01-23,934,104070,35-44,Male,Health,78492,4556,924.62,143,45
852172,2024-01-30,2024-01-31,945,104496,35-44,Female,Fashion,42649,6519,855.17,221,71
835799,2024-03-14,2024-03-18,934,103675,35-44,Male,Health,7717,7238,1139.8,21,321
714538,2024-02-21,2024-02-22,960,103460,55-64,Male,Fashion,64752,3378,550.63,459,14
711522,2024-01-23,2024-01-25,972,103248,25-34,Male,Business,62127,4147,1419.47,529,342
737002,2024-02-16,2024-02-18,945,103562,25-34,Female,Fashion,72462,7944,1030.17,409,5
706830,2024-01-03,2024-01-07,945,103731,55-64,Male,Technology,36043,1458,828.58,332,218
861773,2024-04-25,2024-04-27,934,103176,45-54,Male,Business,40253,3539,131.32,202,338
794129,2024-02-19,2024-02-20,960,103201,35-44,Female,Business,34623,8920,872.47,343,239
850579,2024-01-09,2024-01-12,972,103376,18-24,Female,Health,57310,3393,1234.14,315,523
810624,2024-04-22,2024-04-25,960,103946,25-34,Female,Business,12326,8904,537.6,338,214
749904,2024-01-19,2024-01-20,952,103460,18-24,Female,Travel,33663,7638,1227.11,345,548
815344,2024-02-05,2024-02-08,952,103619,35-44,Male,Fashion,18219,6025,1308.15,267,119
860039,2024-02-09,2024-02-11,972,103402,18-24,Male,Travel,75670,7261,1153.08,428,271
745713,2024-01-27,2024-01-30,972,103309,25-34,Female,Technology,65766,815,621.18,90,220
798926,2024-04-15,2024-04-19,972,104258,35-44,Female,Education,39633,2042,160.22,328,529
726883,2024-04-01,2024-04-05,972,103237,25-34,Male,Fashion,85510,1306,868.67,72,299
862147,2024-04-16,2024-04-18,916,103826,35-44,Female,Business,50680,2975,636.19,313,237
840015,2024-04-24,2024-04-26,952,104021,35-44,Male,Education,89901,1095,578.78,114,379
754502,2024-03-12,2024-03-16,945,103659,45-54,Female,Technology,32038,8438,246.49,145,67
742224,2024-04-15,2024-04-16,934,104164,35-44,Male,Health,64151,5246,1012.28,125,368
713368,2024-04-21,2024-04-25,916,103001,45-54,Male,Travel,80669,3538,686.56,167,180
871342,2024-03-12,2024-03-15,952,103508,35-44,Female,Fashion,25263,5749,568.46,33,455
795152,2024-03-22,2024-03-25,952,103139,25-34,Female,Business,38561,5986,1415.31,362,120
860168,2024-01-21,2024-01-23,916,104206,55-64,Male,Business,45567,2518,609.01,599,543
798720,2024-04-19,2024-04-20,972,103641,35-44,Male,Fashion,9278,4818,292.55,539,242
870267,2024-01-13,2024-01-14,972,103212,45-54,Female,Health,38854,7956,130.62,254,444
824765,2024-01-27,2024-01-31,952,103227,25-34,Male,Education,9472,4487,1480.6,112,89
882445,2024-04-20,2024-04-24,952,103549,35-44,Female,Education,70577,5829,588.48,254,473
887244,2024-03-02,2024-03-05,952,104087,55-64,Male,Travel,20803,6963,1267.45,279,465
868033,2024-02-09,2024-02-10,916,103757,35-44,Female,Travel,39836,2393,149.71,341,238
777749,2024-02-22,2024-02-25,972,103874,55-64,Male,Education,11919,6918,767.05,16,126
847686,2024-03-20,2024-03-22,945,103264,25-34,Male,Technology,77160,5052,623.25,78,62
845456,2024-02-09,2024-02-11,916,104498,35-44,Female,Fashion,62205,3517,427.21,60,390
794542,2024-01-09,2024-01-12,916,103794,55-64,Female,Fashion,37332,4369,1125.55,386,301
898827,2024-01-27,2024-01-28,952,103132,18-24,Female,Health,83225,3585,988.64,186,196
868435,2024-03-21,2024-03-25,945,103464,35-44,Female,Health,52803,4449,142.01,305,305
891197,2024-01-03,2024-01-07,934,103129,35-44,Male,Technology,68225,4475,456.2,168,400
886877,2024-02-25,2024-02-27,972,103806,55-64,Male,Fashion,31847,6828,429.55,461,158
745851,2024-02-22,2024-02-26,972,103474,55-64,Female,Health,8474,3983,1373.42,177,525
835334,2024-01-04,2024-01-07,972,103338,25-34,Male,Health,39689,1296,373.8,413,481
864313,2024-02-09,2024-02-11,960,103878,55-64,Male,Technology,64094,3990,788.94,50,179
727417,2024-02-21,2024-02-24,934,103818,18-24,Female,Fashion,64520,8540,1441.8,565,307
713440,2024-02-25,2024-02-29,952,103518,18-24,Female,Technology,4463,675,1488.69,334,393
